<beans xmlns="http://www.springframework.org/schema/beans"
	xmlns:aop="http://www.springframework.org/schema/aop"
	xmlns:context="http://www.springframework.org/schema/context"
	xmlns:xsi="http://www.w3.org/2001/XMLSchema-instance"
	xmlns:p="http://www.springframework.org/schema/p"
	xmlns:tx="http://www.springframework.org/schema/tx"
	xsi:schemaLocation="http://www.springframework.org/schema/beans
   http://www.springframework.org/schema/beans/spring-beans-3.0.xsd
   http://www.springframework.org/schema/context
   http://www.springframework.org/schema/context/spring-context.xsd
   http://www.springframework.org/schema/aop
        http://www.springframework.org/schema/aop/spring-aop.xsd
   http://www.springframework.org/schema/tx
   http://www.springframework.org/schema/tx/spring-tx.xsd">
	<context:component-scan base-package="model" />
	<context:annotation-config />
	<bean name="dataSource"
		class="org.springframework.jdbc.datasource.DriverManagerDataSource">
		<property name="driverClassName"
			value="oracle.jdbc.driver.OracleDriver" />
		<property name="url"
			value="jdbc:oracle:thin:@localhost:1522:xe" />
		<property name="username" value="sys as sysdba" />
		<property name="password" value="password" />
	</bean>
	
	<!-- EntityManagerFactory -->
	<bean id="entityManagerFactory" 
			class="org.springframework.orm.jpa.LocalContainerEntityManagerFactoryBean" 
			p:packagesToScan="model" 
			p:dataSource-ref="dataSource"
			>
		<property name="jpaVendorAdapter">
			<bean class="org.springframework.orm.jpa.vendor.HibernateJpaVendorAdapter">
				<property name="generateDdl" value="true" />
				<property name="showSql" value="true" />
				<property name="databasePlatform" value="org.hibernate.dialect.Oracle10gDialect"/>
			</bean>
		</property>
	</bean>
	<!-- AOP Configuration for selecting transactional methods -->

	<!-- the transactional advice (what 'happens'; see the <aop:advisor/> ) -->
	<tx:advice id="txAdvice" transaction-manager="transactionManager">
		<tx:attributes>
			<!-- all methods starting with 'list' or 'get' are read-only -->
			<tx:method name="list*" read-only="true"/>
			<tx:method name="get*" read-only="true"/>
			 <!-- for other methods use the default transaction settings -->
			<tx:method name="*" />
		</tx:attributes>
	</tx:advice>
	<!-- ensure that the above transactional advice runs for any execution
		of a method in the service package -->
	<aop:config>
		<aop:pointcut id="serviceMethods" 
			expression="execution(* model.*.*(..))" />
		<aop:advisor pointcut-ref="serviceMethods" advice-ref="txAdvice" />
	</aop:config>
	
	<!-- TransactionManager -->
	<bean id="transactionManager" class="org.springframework.orm.jpa.JpaTransactionManager">
		<property name="entityManagerFactory" ref="entityManagerFactory" />
	</bean>
</beans>
